{"Speak-out.wav": {"torch_probs_(num_frames/2-1)": [3.527712345123291, 0.1833282709121704, 1.489304780960083, 0.6356525421142578, 0.3235570192337036, 2.063323974609375, 0.041745662689208984, 0.2150653898715973, 0.4419481158256531, 1.0152864456176758, 0.7137230038642883, -0.055196166038513184, -0.3109279274940491, -0.50043785572052, 0.36866626143455505, 0.9840689897537231, 1.4099897146224976, 0.9856951236724854, -0.4286685585975647, -0.07104883342981339, 0.8769131302833557, 1.2916479110717773, 1.1706656217575073, 0.013139843940734863, 0.43756553530693054, -0.8141658306121826, -0.8461507558822632, 0.5041938424110413, 1.170490026473999, 0.6222419738769531, 0.7936493158340454, -0.2177099883556366, -0.8120500445365906, -0.3146282434463501, -0.006617918610572815, 0.6924889087677002, 0.8800406455993652, 0.32032510638237, -0.30944308638572693, 9.501343727111816], "torch_h_sample": [-0.23487979173660278, 0.005862538702785969, 0.026516184210777283, 0.06495476514101028, 0.0056435344740748405, 0.10096130520105362, -0.06758424639701843, -0.04126899689435959, 0.006113456562161446, 0.22149042785167694, -0.014969432726502419, 0.12706243991851807, 0.062038175761699677, -0.16486983001232147, 0.2081373780965805, -0.09691742807626724, -0.06014382466673851, 0.2041967213153839, -0.03281985595822334, -0.011190776713192463, -0.10685056447982788, -0.04185076802968979, 0.033273302018642426, 0.026141460984945297, 0.052942294627428055], "torch_c_sample": [-0.288524329662323, 0.008745323866605759, 0.05423019826412201, 0.09370256960391998, 0.006966550834476948, 0.1948920339345932, -0.5774514675140381, -0.08045146614313126, 0.020490773022174835, 0.365225225687027, -0.02694839984178543, 0.21749664843082428, 0.15918077528476715, -0.4391433894634247, 0.34258756041526794, -0.5040645599365234, -0.1143399029970169, 0.4646681249141693, -0.11657148599624634, -0.04950287565588951, -0.34483200311660767, -0.15868808329105377, 0.09399741142988205, 0.05080939084291458, 0.13277581334114075], "torch_max_decoder": [], "torch_ctc_decoder_beam=50": ["aa"]}, "Speak-4ysq5X0Mvxaq1ArAntCWC2YkWHc2-1574725037.wav": {"torch_probs_(num_frames/2-1)": [4.011013031005859, 0.13211649656295776, 1.5639584064483643, 0.8468736410140991, 0.329994797706604, 1.8472425937652588, 0.11030186712741852, 0.21680794656276703, 0.3307221531867981, 0.9121531248092651, 0.6653123497962952, -0.007268801331520081, -0.3263004422187805, -0.3691924512386322, 0.2784930467605591, 0.9549486637115479, 1.4079159498214722, 1.1225271224975586, -0.38357609510421753, -0.13864853978157043, 0.9473087191581726, 1.247648000717163, 1.3023616075515747, 0.016521066427230835, 0.41322222352027893, -0.8957395553588867, -0.9716356992721558, 0.4707350730895996, 1.2589131593704224, 0.46511760354042053, 0.7912969589233398, -0.21712453663349152, -0.9735128879547119, -0.2533819079399109, 0.0828644186258316, 0.5231461524963379, 0.9214563369750977, 0.33780595660209656, -0.31437593698501587, 9.862180709838867], "torch_h_sample": [0.10358351469039917, 0.042540907859802246, 0.001500764163210988, 0.029738005250692368, 0.010716299526393414, -0.06698627769947052, -0.0171843059360981, -0.0409187376499176, -0.011987837962806225, 0.0672755017876625, 0.004233654588460922, 0.14760105311870575, 0.08555487543344498, 0.05895790085196495, 0.0621170774102211, -0.05381155014038086, 0.10016997903585434, 0.09082851558923721, -0.09243831783533096, -0.12458696216344833, -0.037361692637205124, 0.11790638417005539, 0.04979673773050308, -0.17806850373744965, -0.10850280523300171], "torch_c_sample": [0.19887948036193848, 0.06294939666986465, 0.0040899948216974735, 0.046117376536130905, 0.011632302775979042, -0.12836261093616486, -0.1096649169921875, -0.0766025260090828, -0.043058980256319046, 0.13552582263946533, 0.0075954413041472435, 0.198102205991745, 0.22515112161636353, 0.1386227309703827, 0.15969263017177582, -0.26815950870513916, 0.19483506679534912, 0.2889033854007721, -0.19819703698158264, -0.16521055996418, -0.08103392273187637, 0.24447597563266754, 0.2880041003227234, -0.4688416123390198, -0.24494825303554535], "torch_max_decoder": [], "torch_ctc_decoder_beam=50": ["aa"]}, "Speak-58cynYij95TbB9Nlz3TrKBbkg643-1574725017.wav": {"torch_probs_(num_frames/2-1)": [4.121190071105957, -9.600073099136353e-05, 1.5294768810272217, 0.751787543296814, 0.3926922678947449, 1.9420151710510254, 0.026597917079925537, 0.15740977227687836, 0.2409052699804306, 0.7337945699691772, 0.5587756037712097, 0.014327406883239746, -0.3023011386394501, -0.4415956437587738, 0.21089324355125427, 0.9085477590560913, 1.3181756734848022, 1.0950121879577637, -0.5507906079292297, -0.2453550398349762, 0.7986918687820435, 1.085039734840393, 1.1580770015716553, -0.09356604516506195, 0.3849976360797882, -0.8991996645927429, -1.0834739208221436, 0.4476271867752075, 1.23469078540802, 0.4149150550365448, 0.8198835849761963, -0.4976903796195984, -1.184358835220337, -0.2797314524650574, 0.1117260605096817, 0.545566976070404, 0.939653754234314, 0.3372778594493866, -0.44295534491539, 10.712625503540039], "torch_h_sample": [0.07732579857110977, 0.026761967688798904, 0.09655134379863739, 0.018338767811655998, 0.017696406692266464, 0.16642063856124878, 0.2751459777355194, -0.003901829943060875, 0.005187525413930416, 0.05321081355214119, 0.0032871910370886326, -0.10728118568658829, 0.02142607793211937, 0.022634129971265793, 0.09527268260717392, -0.11814757436513901, 0.14055000245571136, 0.09668722748756409, 0.2044449895620346, 0.11618461459875107, -0.08559580892324448, -0.18365052342414856, 0.16471529006958008, -0.09720692783594131, -0.005719020031392574], "torch_c_sample": [0.14244811236858368, 0.04912986978888512, 0.24274703860282898, 0.037723928689956665, 0.02924218773841858, 0.2778129279613495, 0.3743445575237274, -0.0064346459694206715, 0.012183092534542084, 0.09814798831939697, 0.006220586597919464, -0.32963407039642334, 0.04131383076310158, 0.062388427555561066, 0.19936153292655945, -0.20730802416801453, 0.25528523325920105, 0.20891329646110535, 0.2874454855918884, 0.32881468534469604, -0.24557863175868988, -0.3183072805404663, 0.3573110103607178, -0.2244691103696823, -0.01795516163110733], "torch_max_decoder": [], "torch_ctc_decoder_beam=50": ["aa"]}, "Librispeech-84-121123-0001.wav": {"torch_probs_(num_frames/2-1)": [3.9122838973999023, 0.21124807000160217, 1.5878582000732422, 0.7913655638694763, 0.43931490182876587, 2.0154056549072266, 0.21191658079624176, 0.2879599928855896, 0.37085187435150146, 1.027334213256836, 0.6622011661529541, 0.036250039935112, -0.2981399893760681, -0.5083171129226685, 0.17635634541511536, 0.8875633478164673, 1.3957505226135254, 1.0918670892715454, -0.6126170754432678, -0.1936652660369873, 0.7416034936904907, 1.1088640689849854, 1.1728248596191406, -0.13309445977210999, 0.3234236538410187, -0.9225950241088867, -1.0697295665740967, 0.3837524652481079, 1.245588779449463, 0.33868756890296936, 0.76552414894104, -0.3417961001396179, -1.074456810951233, -0.29435834288597107, 0.06865270435810089, 0.586357057094574, 0.9678761959075928, 0.30121251940727234, -0.47495466470718384, 10.054625511169434], "torch_h_sample": [-0.022609464824199677, 0.008528369478881359, 0.11406759917736053, -0.12759558856487274, 0.0011003058170899749, 0.35825681686401367, 0.13110674917697906, -0.07527878880500793, -0.004201765172183514, -0.11807899922132492, -1.1283579624432605e-05, -0.3315174877643585, -0.15751327574253082, 0.07018112391233444, -0.2258146107196808, -0.1477319300174713, 0.2001400887966156, 0.14438217878341675, 0.041504692286252975, -0.06700696051120758, 0.10419294983148575, -0.22983571887016296, 0.03799503669142723, -0.26033535599708557, 0.012232394888997078],